Reka,Stanica,Datum,H (cm),NS - Proticaj (m3/s),NS - T vode   (°C),NS - Ep. (µS/cm),NS - O2 (mg/l)
DUNAV,NOVI SAD,1/1/2024,540,5843.76,6.1,390,10.7
DUNAV,NOVI SAD,1/2/2024,558,6056.85,6.2,383,10.35
DUNAV,NOVI SAD,1/3/2024,575,6262.11,6.3,377,10.1
DUNAV,NOVI SAD,1/4/2024,579,6310.97,6.4,381,10.1
DUNAV,NOVI SAD,1/5/2024,575,6262.11,6.7,390,10.9
DUNAV,NOVI SAD,1/6/2024,568,6177.12,6.9,396,10.3
DUNAV,NOVI SAD,1/7/2024,554,6009.12,5.8,409,10.9
DUNAV,NOVI SAD,1/8/2024,543,5878.98,5.5,413,11.2
DUNAV,NOVI SAD,1/9/2024,529,5715.69,5.3,418,10.6
DUNAV,NOVI SAD,1/10/2024,521,5623.57,4.9,417,10.8
DUNAV,NOVI SAD,1/11/2024,517,5577.83,5,426,11.1
DUNAV,NOVI SAD,1/12/2024,516,5566.43,4.9,410,11.9
DUNAV,NOVI SAD,1/13/2024,515,5555.04,4.57,411,11.8
DUNAV,NOVI SAD,1/14/2024,515,5555.04,4.23,412,11.7
DUNAV,NOVI SAD,1/15/2024,514,5543.67,3.9,413,11.6
DUNAV,NOVI SAD,1/16/2024,507,5464.42,3,424,11.7
DUNAV,NOVI SAD,1/17/2024,495,5330.11,3.2,427,11.9
DUNAV,NOVI SAD,1/18/2024,477,5132.28,4.4,456,11.8
DUNAV,NOVI SAD,1/19/2024,452,4864.75,3.5,437,12
DUNAV,NOVI SAD,1/20/2024,426,4595.44,3.37,443,12.03
DUNAV,NOVI SAD,1/21/2024,400,4335.23,3.23,449,12.07
DUNAV,NOVI SAD,1/22/2024,374,4084.11,3.1,455,12.1
DUNAV,NOVI SAD,1/23/2024,366,4008.67,2.2,459,12.1
DUNAV,NOVI SAD,1/24/2024,363,3980.61,2.3,467,12.4
DUNAV,NOVI SAD,1/25/2024,359,3943.37,2.5,471,12.7
DUNAV,NOVI SAD,1/26/2024,350,3860.38,2.9,467,12.5
DUNAV,NOVI SAD,1/27/2024,351,3869.55,2.97,473.33,12.6
DUNAV,NOVI SAD,1/28/2024,352,3878.73,3.03,479.67,12.7
DUNAV,NOVI SAD,1/29/2024,353,3887.92,3.1,486,12.8
DUNAV,NOVI SAD,1/30/2024,366,4008.67,3,479,12.3
DUNAV,NOVI SAD,1/31/2024,379,4131.7,3.2,476,12.5
DUNAV,NOVI SAD,2/1/2024,388,4218.2,3.2,477,12.3
DUNAV,NOVI SAD,2/2/2024,393,4266.72,3.8,476,12.2
DUNAV,NOVI SAD,2/3/2024,386,4198.88,4.2,472.67,12.17
DUNAV,NOVI SAD,2/4/2024,379,4131.7,4.6,469.33,12.13
DUNAV,NOVI SAD,2/5/2024,373,4074.63,5,466,12.1
DUNAV,NOVI SAD,2/6/2024,357,3924.84,5,466,12.1
DUNAV,NOVI SAD,2/7/2024,340,3769.45,5.3,465,12
DUNAV,NOVI SAD,2/8/2024,325,3635.57,6,467,12
DUNAV,NOVI SAD,2/9/2024,318,3574.14,6.4,453,11.9
DUNAV,NOVI SAD,2/10/2024,321,3600.39,6.23,453.67,11.67
DUNAV,NOVI SAD,2/11/2024,324,3626.76,6.07,454.33,11.43
DUNAV,NOVI SAD,2/12/2024,330,3679.86,5.9,455,11.2
DUNAV,NOVI SAD,2/13/2024,330,3679.86,7.1,451,11.4
DUNAV,NOVI SAD,2/14/2024,333,3706.6,7.6,456,11.8
DUNAV,NOVI SAD,2/15/2024,342,3787.53,7.62,448.6,11.7
DUNAV,NOVI SAD,2/16/2024,351,3869.55,7.64,441.2,11.6
DUNAV,NOVI SAD,2/17/2024,359,3943.37,7.66,433.8,11.5
DUNAV,NOVI SAD,2/18/2024,367,4018.06,7.68,426.4,11.4
DUNAV,NOVI SAD,2/19/2024,376,4103.1,7.7,419,11.3
DUNAV,NOVI SAD,2/20/2024,372,4065.17,8,417,11.2
DUNAV,NOVI SAD,2/21/2024,362,3971.28,8.1,419,11.2
DUNAV,NOVI SAD,2/22/2024,351,3869.55,8.4,428,11.4
DUNAV,NOVI SAD,2/23/2024,343,3796.59,8.4,428,11.8
DUNAV,NOVI SAD,2/24/2024,342,3787.53,8.53,442.33,11.47
DUNAV,NOVI SAD,2/25/2024,341,3778.48,8.67,456.67,11.13
DUNAV,NOVI SAD,2/26/2024,339,3760.43,8.8,471,10.8
DUNAV,NOVI SAD,2/27/2024,342,3787.53,8.9,470,12
DUNAV,NOVI SAD,2/28/2024,347,3832.96,9.1,452,11.1
DUNAV,NOVI SAD,2/29/2024,350,3860.38,9.2,437,11.1
DUNAV,NOVI SAD,3/1/2024,355,3906.35,9.3,432,10.9
DUNAV,NOVI SAD,3/2/2024,350,3860.38,9.53,430,10.93
DUNAV,NOVI SAD,3/3/2024,345,3814.75,9.77,428,10.97
DUNAV,NOVI SAD,3/4/2024,341,3778.48,10,426,11
DUNAV,NOVI SAD,3/5/2024,329,3670.98,10,431,11.6
DUNAV,NOVI SAD,3/6/2024,316,3556.7,9.8,431,12
DUNAV,NOVI SAD,3/7/2024,302,3436.18,10.3,428,11
DUNAV,NOVI SAD,3/8/2024,290,3334.97,9.8,433,10.8
DUNAV,NOVI SAD,3/9/2024,282,3268.58,10.2,433.67,10.83
DUNAV,NOVI SAD,3/10/2024,274,3203.05,10.6,434.33,10.87
DUNAV,NOVI SAD,3/11/2024,265,3130.35,11,435,10.9
DUNAV,NOVI SAD,3/12/2024,261,3098.39,10.2,438,10.6
DUNAV,NOVI SAD,3/13/2024,251,3019.44,10.4,443,10.9
DUNAV,NOVI SAD,3/14/2024,239,2926.47,10,441,10.8
DUNAV,NOVI SAD,3/15/2024,240,2934.14,10.2,443,11.1
DUNAV,NOVI SAD,3/16/2024,251,3019.44,10.37,441,11.03
DUNAV,NOVI SAD,3/17/2024,262,3106.36,10.53,439,10.97
DUNAV,NOVI SAD,3/18/2024,272,3186.8,10.7,437,10.9
DUNAV,NOVI SAD,3/19/2024,270,3170.6,10.6,439,11
DUNAV,NOVI SAD,3/20/2024,265,3130.35,10.2,444,10.8
DUNAV,NOVI SAD,3/21/2024,260,3090.44,10.8,446,11
DUNAV,NOVI SAD,3/22/2024,255,3050.86,11.2,450,11.2
DUNAV,NOVI SAD,3/23/2024,256,3058.75,11.13,452.67,11.2
DUNAV,NOVI SAD,3/24/2024,256,3058.75,11.07,455.33,11.2
DUNAV,NOVI SAD,3/25/2024,257,3066.65,11,458,11.2
DUNAV,NOVI SAD,3/26/2024,259,3082.49,11.6,458,11.3
DUNAV,NOVI SAD,3/27/2024,259,3082.49,11.7,475,11.5
DUNAV,NOVI SAD,3/28/2024,255,3050.86,12.1,472,11.8
DUNAV,NOVI SAD,3/29/2024,245,2972.71,12.2,472,11.9
DUNAV,NOVI SAD,3/30/2024,243,2957.24,12.33,470,11.77
DUNAV,NOVI SAD,3/31/2024,241,2941.83,12.47,468,11.63
DUNAV,NOVI SAD,4/1/2024,239,2926.47,12.6,466,11.5
DUNAV,NOVI SAD,4/2/2024,240,2934.14,13,458,12
DUNAV,NOVI SAD,4/3/2024,242,2949.53,13.3,453,12.5
DUNAV,NOVI SAD,4/4/2024,244,2964.97,13.8,451,12.3
DUNAV,NOVI SAD,4/5/2024,251,3019.44,14.4,447,12.4
DUNAV,NOVI SAD,4/6/2024,262,3106.36,14.6,441.67,12.3
DUNAV,NOVI SAD,4/7/2024,273,3194.92,14.8,436.33,12.2
DUNAV,NOVI SAD,4/8/2024,283,3276.83,15,431,12.1
DUNAV,NOVI SAD,4/9/2024,278,3235.71,15.2,426,12.2
DUNAV,NOVI SAD,4/10/2024,265,3130.35,15.6,427,12.4
DUNAV,NOVI SAD,4/11/2024,250,3011.61,15.7,426,12.1
DUNAV,NOVI SAD,4/12/2024,245,2972.71,15.7,423,12.3
DUNAV,NOVI SAD,4/13/2024,246,2980.46,16.17,418,12.2
DUNAV,NOVI SAD,4/14/2024,247,2988.23,16.63,413,12.1
DUNAV,NOVI SAD,4/15/2024,248,2996.01,17.1,408,12
DUNAV,NOVI SAD,4/16/2024,242,2949.53,17.4,398,11.5
DUNAV,NOVI SAD,4/17/2024,231,2865.56,16,397,11.9
DUNAV,NOVI SAD,4/18/2024,220,2783.22,15.2,399,10.7
DUNAV,NOVI SAD,4/19/2024,218,2768.43,15,401,10.7
DUNAV,NOVI SAD,4/20/2024,235,2895.91,14.87,397.67,10.73
DUNAV,NOVI SAD,4/21/2024,252,3027.27,14.73,394.33,10.77
DUNAV,NOVI SAD,4/22/2024,269,3162.53,14.6,391,10.8
DUNAV,NOVI SAD,4/23/2024,269,3162.53,14.6,389,11.3
DUNAV,NOVI SAD,4/24/2024,267,3146.41,14.2,384,11.1
DUNAV,NOVI SAD,4/25/2024,255,3050.86,13.8,385,11.4
DUNAV,NOVI SAD,4/26/2024,247,2988.23,13.6,389,11.6
DUNAV,NOVI SAD,4/27/2024,246,2980.46,13.73,386,11.93
DUNAV,NOVI SAD,4/28/2024,245,2972.71,13.87,383,12.27
DUNAV,NOVI SAD,4/29/2024,244,2964.97,14,380,12.6
DUNAV,NOVI SAD,4/30/2024,240,2934.14,14.4,380,12.2
DUNAV,NOVI SAD,5/1/2024,236.29,2905.7,14.89,379.14,12.13
DUNAV,NOVI SAD,5/2/2024,232.57,2877.46,15.37,378.29,12.06
DUNAV,NOVI SAD,5/3/2024,228.86,2849.39,15.86,377.43,11.99
DUNAV,NOVI SAD,5/4/2024,225.14,2821.52,16.34,376.57,11.91
DUNAV,NOVI SAD,5/5/2024,221.43,2793.83,16.83,375.71,11.84
DUNAV,NOVI SAD,5/6/2024,217.71,2766.32,17.31,374.86,11.77
DUNAV,NOVI SAD,5/7/2024,214,2739,17.8,374,11.7
DUNAV,NOVI SAD,5/8/2024,221,2790.64,18,369,11.7
DUNAV,NOVI SAD,5/9/2024,216,2753.69,18.1,367,11.5
DUNAV,NOVI SAD,5/10/2024,208,2695.26,18.2,362,11.4
DUNAV,NOVI SAD,5/11/2024,215.67,2751.24,18.27,365,11.43
DUNAV,NOVI SAD,5/12/2024,223.33,2808,18.33,368,11.47
DUNAV,NOVI SAD,5/13/2024,231,2865.56,18.4,371,11.5
DUNAV,NOVI SAD,5/14/2024,242,2949.53,18.8,369,11.7
DUNAV,NOVI SAD,5/15/2024,243,2957.24,18.7,372,11.2
DUNAV,NOVI SAD,5/16/2024,231,2865.56,18.7,368,11.4
DUNAV,NOVI SAD,5/17/2024,220,2783.22,18.7,360,10.6
DUNAV,NOVI SAD,5/18/2024,215.33,2748.79,19.13,356,10.83
DUNAV,NOVI SAD,5/19/2024,210.67,2714.64,19.57,352,11.07
DUNAV,NOVI SAD,5/20/2024,206,2680.79,20,348,11.3
DUNAV,NOVI SAD,5/21/2024,218,2768.43,20,350,11.1
DUNAV,NOVI SAD,5/22/2024,243,2957.24,20,349,11
DUNAV,NOVI SAD,5/23/2024,256,3058.75,19.4,344,9.2
DUNAV,NOVI SAD,5/24/2024,259,3082.49,19.2,343,8.8
DUNAV,NOVI SAD,5/25/2024,266.67,3143.73,19.57,345.33,8.93
DUNAV,NOVI SAD,5/26/2024,274.33,3205.76,19.93,347.67,9.07
DUNAV,NOVI SAD,5/27/2024,282,3268.58,20.3,350,9.2
DUNAV,NOVI SAD,5/28/2024,295,3376.91,20.2,342,9
DUNAV,NOVI SAD,5/29/2024,299,3410.7,20.3,339,9.3
DUNAV,NOVI SAD,5/30/2024,295,3376.91,20.6,338,9.1
DUNAV,NOVI SAD,5/31/2024,289,3326.63,21,339,8.2
DUNAV,NOVI SAD,6/1/2024,289,3326.63,21.07,339.33,8.1
DUNAV,NOVI SAD,6/2/2024,289,3326.63,21.13,339.67,8
DUNAV,NOVI SAD,6/3/2024,289,3326.63,21.2,340,7.9
DUNAV,NOVI SAD,6/4/2024,301,3427.67,20.9,339,7.9
DUNAV,NOVI SAD,6/5/2024,322,3609.16,20.8,338,7.7
DUNAV,NOVI SAD,6/6/2024,353,3887.92,20.8,339,7.6
DUNAV,NOVI SAD,6/7/2024,381,4150.82,21.2,346,7.6
DUNAV,NOVI SAD,6/8/2024,399.33,4328.68,20.8,338.33,7.67
DUNAV,NOVI SAD,6/9/2024,417.67,4511.05,20.4,330.67,7.73
DUNAV,NOVI SAD,6/10/2024,436,4697.95,20,323,7.8
DUNAV,NOVI SAD,6/11/2024,453,4875.29,19.8,323,7.2
DUNAV,NOVI SAD,6/12/2024,474,5099.74,19.9,322,6.9
DUNAV,NOVI SAD,6/13/2024,497,5352.36,19.4,324,6.7
DUNAV,NOVI SAD,6/14/2024,517,5577.83,19.4,329,6.5
DUNAV,NOVI SAD,6/15/2024,529,5715.69,19.93,334.67,6.5
DUNAV,NOVI SAD,6/16/2024,541,5855.49,20.47,340.33,6.5
DUNAV,NOVI SAD,6/17/2024,553,5997.23,21,346,6.5
DUNAV,NOVI SAD,6/18/2024,562,6104.8,21.1,345,6.5
DUNAV,NOVI SAD,6/19/2024,564,6128.85,21.4,347,6.5
DUNAV,NOVI SAD,6/20/2024,561,6092.79,21.6,345,6.6
DUNAV,NOVI SAD,6/21/2024,551,5973.47,22,346,6.6
DUNAV,NOVI SAD,6/22/2024,534.33,5777.58,22.6,349.33,6.6
DUNAV,NOVI SAD,6/23/2024,517.67,5585.44,23.2,352.67,6.6
DUNAV,NOVI SAD,6/24/2024,501,5397.03,23.8,356,6.6
DUNAV,NOVI SAD,6/25/2024,482,5186.8,23,361,6.8
DUNAV,NOVI SAD,6/26/2024,464,4992.12,23.2,370,6.9
DUNAV,NOVI SAD,6/27/2024,447,4812.26,22.8,374,7
DUNAV,NOVI SAD,6/28/2024,433,4667.05,23,379,7.1
DUNAV,NOVI SAD,6/29/2024,415.67,4490.93,23.4,374.67,7.07
DUNAV,NOVI SAD,6/30/2024,398.33,4318.86,23.8,370.33,7.03
DUNAV,NOVI SAD,7/1/2024,381,4150.82,24.2,366,7
DUNAV,NOVI SAD,7/2/2024,371,4055.72,24,436,7.3
DUNAV,NOVI SAD,7/3/2024,357,3924.84,22.2,352,7.6
DUNAV,NOVI SAD,7/4/2024,342,3787.53,23.6,355,7.3
DUNAV,NOVI SAD,7/5/2024,331,3688.76,22.4,366,7.3
DUNAV,NOVI SAD,7/6/2024,330,3679.86,22.87,367.33,7.4
DUNAV,NOVI SAD,7/7/2024,329,3670.98,23.33,368.67,7.5
DUNAV,NOVI SAD,7/8/2024,328,3662.11,23.8,370,7.6
DUNAV,NOVI SAD,7/9/2024,316,3556.7,24,366,7.6
DUNAV,NOVI SAD,7/10/2024,292,3351.71,24.8,371,7.6
DUNAV,NOVI SAD,7/11/2024,269,3162.53,25.2,373,7.3
DUNAV,NOVI SAD,7/12/2024,262,3106.36,25.8,373,7.4
DUNAV,NOVI SAD,7/13/2024,258.33,3077.21,25.4,367.67,7.43
DUNAV,NOVI SAD,7/14/2024,254.67,3048.23,25,362.33,7.47
DUNAV,NOVI SAD,7/15/2024,251,3019.44,24.6,357,7.5
DUNAV,NOVI SAD,7/16/2024,246,2980.46,26.6,360,7.8
DUNAV,NOVI SAD,7/17/2024,258,3074.56,27,364,8.2
DUNAV,NOVI SAD,7/18/2024,272,3186.8,26.8,370,7.7
DUNAV,NOVI SAD,7/19/2024,278,3235.71,26.6,368,7.8
DUNAV,NOVI SAD,7/20/2024,267.33,3149.09,26.33,364.33,7.67
DUNAV,NOVI SAD,7/21/2024,256.67,3064.01,26.07,360.67,7.53
DUNAV,NOVI SAD,7/22/2024,246,2980.46,25.8,357,7.4
DUNAV,NOVI SAD,7/23/2024,240,2934.14,25.9,361,7.5
DUNAV,NOVI SAD,7/24/2024,235,2895.91,26,355,7.4
DUNAV,NOVI SAD,7/25/2024,226,2827.93,25.2,346,7.4
DUNAV,NOVI SAD,7/26/2024,213,2731.68,25,345,7.6
DUNAV,NOVI SAD,7/27/2024,207.33,2690.43,25.03,352.33,7.6
DUNAV,NOVI SAD,7/28/2024,201.67,2649.61,25.07,359.67,7.6
DUNAV,NOVI SAD,7/29/2024,196,2609.23,25.1,367,7.6
DUNAV,NOVI SAD,7/30/2024,191,2573.96,24.6,367,8
DUNAV,NOVI SAD,7/31/2024,188,2552.96,25,369,8.8
DUNAV,NOVI SAD,8/1/2024,174,2456.55,25,367,8.6
DUNAV,NOVI SAD,8/2/2024,159,2356.18,25.2,363,8.8
DUNAV,NOVI SAD,8/3/2024,148,2284.5,25.1,364,8.8
DUNAV,NOVI SAD,8/4/2024,137,2214.45,25,365,8.8
DUNAV,NOVI SAD,8/5/2024,126,2146.03,24.9,366,8.8
DUNAV,NOVI SAD,8/6/2024,125,2139.89,24.9,373,8.8
DUNAV,NOVI SAD,8/7/2024,131,2176.92,24.8,375,9.2
DUNAV,NOVI SAD,8/8/2024,134,2195.63,24.5,376,9.1
DUNAV,NOVI SAD,8/9/2024,132,2183.14,24.6,380,8.9
DUNAV,NOVI SAD,8/10/2024,129,2164.52,24.93,381,8.8
DUNAV,NOVI SAD,8/11/2024,126,2146.03,25.27,382,8.7
DUNAV,NOVI SAD,8/12/2024,123,2127.65,25.6,383,8.6
DUNAV,NOVI SAD,8/13/2024,125,2139.89,26.2,375,9.6
DUNAV,NOVI SAD,8/14/2024,118,2097.29,26.2,379,9.6
DUNAV,NOVI SAD,8/15/2024,107,2031.67,26.6,383,9.4
DUNAV,NOVI SAD,8/16/2024,91,1939.15,26,381,9.3
DUNAV,NOVI SAD,8/17/2024,88.33,1924.06,26.47,381.33,9.17
DUNAV,NOVI SAD,8/18/2024,85.67,1909.07,26.93,381.67,9.03
DUNAV,NOVI SAD,8/19/2024,83,1894.18,27.4,382,8.9
DUNAV,NOVI SAD,8/20/2024,86,1910.94,27.6,390,8.5
DUNAV,NOVI SAD,8/21/2024,86,1910.94,26.9,393,7.9
DUNAV,NOVI SAD,8/22/2024,85,1905.34,27,392,8.4
DUNAV,NOVI SAD,8/23/2024,93,1950.53,26.8,393,8.2
DUNAV,NOVI SAD,8/24/2024,114.67,2077.23,26.6,392.33,8.3
DUNAV,NOVI SAD,8/25/2024,136.33,2210.25,26.4,391.67,8.4
DUNAV,NOVI SAD,8/26/2024,158,2349.6,26.2,391,8.5
DUNAV,NOVI SAD,8/27/2024,154,2323.4,26.1,391,7.9
DUNAV,NOVI SAD,8/28/2024,142,2246.09,25.8,385,8.9
DUNAV,NOVI SAD,8/29/2024,122,2121.55,26,382,8.6
DUNAV,NOVI SAD,8/30/2024,102,2002.39,25.8,386,9.3
DUNAV,NOVI SAD,8/31/2024,97,1973.44,25.6,385.33,9.37
DUNAV,NOVI SAD,9/1/2024,92,1944.83,25.4,384.67,9.43
DUNAV,NOVI SAD,9/2/2024,87,1916.55,25.2,384,9.5
DUNAV,NOVI SAD,9/3/2024,79,1872.01,25.8,387,9
DUNAV,NOVI SAD,9/4/2024,71,1828.33,25.9,392,9.1
DUNAV,NOVI SAD,9/5/2024,67,1806.82,25.6,399,8.9
DUNAV,NOVI SAD,9/6/2024,61,1774.94,25.8,395,9.1
DUNAV,NOVI SAD,9/7/2024,56,1748.75,25.4,397,8.93
DUNAV,NOVI SAD,9/8/2024,51,1722.9,25,399,8.77
DUNAV,NOVI SAD,9/9/2024,46,1697.38,24.6,401,8.6
DUNAV,NOVI SAD,9/10/2024,45,1692.32,23.8,403,8.3
DUNAV,NOVI SAD,9/11/2024,44,1687.27,23.2,403,8.7
DUNAV,NOVI SAD,9/12/2024,50,1717.77,23.2,405,8.8
DUNAV,NOVI SAD,9/13/2024,61,1774.94,22.4,399,9.1
DUNAV,NOVI SAD,9/14/2024,92.5,1947.68,22.67,396,8.77
DUNAV,NOVI SAD,9/15/2024,124,2133.76,22.93,393,8.43
DUNAV,NOVI SAD,9/16/2024,155.5,2333.2,23.2,390,8.1
DUNAV,NOVI SAD,9/17/2024,187,2545.98,17.8,390,8.3
DUNAV,NOVI SAD,9/18/2024,251.5,3023.35,17.7,388,8.3
DUNAV,NOVI SAD,9/19/2024,316,3556.7,17.8,398,8.2
DUNAV,NOVI SAD,9/20/2024,357,3924.84,17.1,402,8.4
DUNAV,NOVI SAD,9/21/2024,380.67,4147.63,16.33,372,8.3
DUNAV,NOVI SAD,9/22/2024,404.33,4377.96,15.57,342,8.2
DUNAV,NOVI SAD,9/23/2024,428,4615.84,14.8,312,8.1
DUNAV,NOVI SAD,9/24/2024,460,4949.45,15,326,7.4
DUNAV,NOVI SAD,9/25/2024,494,5319.01,15.4,332,7.4
DUNAV,NOVI SAD,9/26/2024,528,5704.13,15.6,337,7.1
DUNAV,NOVI SAD,9/27/2024,541,5855.49,16.3,343,6.8
DUNAV,NOVI SAD,9/28/2024,537.67,5816.46,16,350.67,6.93
DUNAV,NOVI SAD,9/29/2024,534.33,5777.58,15.7,358.33,7.07
DUNAV,NOVI SAD,9/30/2024,531,5738.85,15.4,366,7.2
DUNAV,NOVI SAD,10/1/2024,517,5577.83,15.6,372,7.1
DUNAV,NOVI SAD,10/2/2024,503,5419.44,15.4,377,7.4
DUNAV,NOVI SAD,10/3/2024,487,5241.65,15.5,377,7.9
DUNAV,NOVI SAD,10/4/2024,473,5088.91,15.6,379,8
DUNAV,NOVI SAD,10/5/2024,453.33,4878.81,15.2,379.33,8.13
DUNAV,NOVI SAD,10/6/2024,433.67,4673.91,14.8,379.67,8.27
DUNAV,NOVI SAD,10/7/2024,414,4474.21,14.4,380,8.4
DUNAV,NOVI SAD,10/8/2024,404,4374.67,14.5,374,8.6
DUNAV,NOVI SAD,10/9/2024,401,4345.07,14.9,372,8.8
DUNAV,NOVI SAD,10/10/2024,403,4364.79,14.5,370,9.1
DUNAV,NOVI SAD,10/11/2024,402,4354.92,14.7,372,9.1
DUNAV,NOVI SAD,10/12/2024,397.67,4312.32,14.7,378.67,9
DUNAV,NOVI SAD,10/13/2024,393.33,4269.97,14.7,385.33,8.9
DUNAV,NOVI SAD,10/14/2024,389,4227.88,14.7,392,8.8
DUNAV,NOVI SAD,10/15/2024,394,4276.47,14.7,386,8.8
DUNAV,NOVI SAD,10/16/2024,398,4315.59,14.5,376,9.1
DUNAV,NOVI SAD,10/17/2024,401,4345.07,14.8,379,9.1
DUNAV,NOVI SAD,10/18/2024,397,4305.79,14,384,9.2
DUNAV,NOVI SAD,10/19/2024,383.75,4177.21,13.57,382.67,9.2
DUNAV,NOVI SAD,10/20/2024,370.5,4051,13.13,381.33,9.2
DUNAV,NOVI SAD,10/21/2024,357.25,3927.15,12.7,380,9.2
DUNAV,NOVI SAD,10/22/2024,344,3805.66,12.6,380,9.8
DUNAV,NOVI SAD,10/23/2024,327,3653.25,12.5,376,9.6
DUNAV,NOVI SAD,10/24/2024,306,3470.35,12.6,382,10.1
DUNAV,NOVI SAD,10/25/2024,282,3268.58,12.5,390,9.6
DUNAV,NOVI SAD,10/26/2024,265.33,3133.02,12.67,396,9.57
DUNAV,NOVI SAD,10/27/2024,248.67,3001.21,12.83,402,9.53
DUNAV,NOVI SAD,10/28/2024,232,2873.13,13,408,9.5
DUNAV,NOVI SAD,10/29/2024,228,2842.94,13.2,421,9.5
DUNAV,NOVI SAD,10/30/2024,224,2812.98,13,406,9.4
DUNAV,NOVI SAD,10/31/2024,214,2739,12.3,415,9.6
DUNAV,NOVI SAD,11/1/2024,200,2637.69,12.6,418,9.6
DUNAV,NOVI SAD,11/2/2024,187.67,2550.63,12.7,422.67,9.6
DUNAV,NOVI SAD,11/3/2024,175.33,2465.62,12.8,427.33,9.6
DUNAV,NOVI SAD,11/4/2024,163,2382.65,12.9,432,9.6
DUNAV,NOVI SAD,11/5/2024,151,2303.89,12.6,436,9.6
DUNAV,NOVI SAD,11/6/2024,142,2246.09,12.6,439,9.7
DUNAV,NOVI SAD,11/7/2024,132,2183.14,11.8,442,9.9
DUNAV,NOVI SAD,11/8/2024,125,2139.89,11.4,454,10.1
DUNAV,NOVI SAD,11/9/2024,123,2127.65,10.98,454.5,10.15
DUNAV,NOVI SAD,11/10/2024,121,2115.46,10.55,455,10.2
DUNAV,NOVI SAD,11/11/2024,119,2103.33,10.13,455.5,10.25
DUNAV,NOVI SAD,11/12/2024,117,2091.25,9.7,456,10.3
DUNAV,NOVI SAD,11/13/2024,114,2073.24,9.6,462,10.4
DUNAV,NOVI SAD,11/14/2024,109,2043.48,9,467,10.5
DUNAV,NOVI SAD,11/15/2024,105,2019.92,8.7,474,10.6
DUNAV,NOVI SAD,11/16/2024,103,2008.22,8.33,475.67,10.4
DUNAV,NOVI SAD,11/17/2024,101,1996.57,7.97,477.33,10.2
DUNAV,NOVI SAD,11/18/2024,99,1984.98,7.6,479,10
DUNAV,NOVI SAD,11/19/2024,96,1967.69,7.8,480,10.5
DUNAV,NOVI SAD,11/20/2024,92,1944.83,8.1,486,10.9
DUNAV,NOVI SAD,11/21/2024,86,1910.94,7.6,488,11
DUNAV,NOVI SAD,11/22/2024,84,1899.75,7.7,487,11
DUNAV,NOVI SAD,11/23/2024,86.67,1914.68,7.3,489.33,11.1
DUNAV,NOVI SAD,11/24/2024,89.33,1929.71,6.9,491.67,11.2
DUNAV,NOVI SAD,11/25/2024,92,1944.83,6.5,494,11.3
DUNAV,NOVI SAD,11/26/2024,108,2037.57,6.4,490,10.8
DUNAV,NOVI SAD,11/27/2024,112,2061.3,6.8,491,11.2
DUNAV,NOVI SAD,11/28/2024,112,2061.3,7,496,11.4
DUNAV,NOVI SAD,11/29/2024,111,2055.34,6.7,497,11.6
DUNAV,NOVI SAD,11/30/2024,109.33,2045.46,6.7,498,11.6
DUNAV,NOVI SAD,12/1/2024,107.67,2035.6,6.7,499,11.6
DUNAV,NOVI SAD,12/2/2024,106,2025.79,6.7,500,11.6
DUNAV,NOVI SAD,12/3/2024,112,2061.3,6.4,501,11.5
DUNAV,NOVI SAD,12/4/2024,118,2097.29,6.8,508,11.7
DUNAV,NOVI SAD,12/5/2024,121,2115.46,6.7,509,11.8
DUNAV,NOVI SAD,12/6/2024,123,2127.65,6.5,507,11.8
DUNAV,NOVI SAD,12/7/2024,121,2115.46,6.4,507.33,11.77
DUNAV,NOVI SAD,12/8/2024,119,2103.33,6.3,507.67,11.73
DUNAV,NOVI SAD,12/9/2024,117,2091.25,6.2,508,11.7
DUNAV,NOVI SAD,12/10/2024,114,2073.24,6.2,509,11.8
DUNAV,NOVI SAD,12/11/2024,116,2085.24,6.1,507,11.7
DUNAV,NOVI SAD,12/12/2024,125,2139.89,6.1,508,11.7
DUNAV,NOVI SAD,12/13/2024,137,2214.45,5.7,520,11.9
DUNAV,NOVI SAD,12/14/2024,140.67,2237.62,5.6,516,11.9
DUNAV,NOVI SAD,12/15/2024,144.33,2260.97,5.5,512,11.9
DUNAV,NOVI SAD,12/16/2024,148,2284.5,5.4,508,11.9
DUNAV,NOVI SAD,12/17/2024,143,2252.46,5.2,520,12
DUNAV,NOVI SAD,12/18/2024,131,2176.92,5.2,515,12.2
DUNAV,NOVI SAD,12/19/2024,119,2103.33,5,509,12.1
DUNAV,NOVI SAD,12/20/2024,108,2037.57,6,516,12.2
DUNAV,NOVI SAD,12/21/2024,106.67,2029.71,5.8,513,12.07
DUNAV,NOVI SAD,12/22/2024,105.33,2021.88,5.6,510,11.93
DUNAV,NOVI SAD,12/23/2024,104,2014.06,5.4,507,11.8
DUNAV,NOVI SAD,12/24/2024,116,2085.24,4.6,503,11.9
DUNAV,NOVI SAD,12/25/2024,121,2115.46,4.7,505,12.1
DUNAV,NOVI SAD,12/26/2024,126,2146.03,4.6,499,12
DUNAV,NOVI SAD,12/27/2024,138,2220.75,4.1,500,12
DUNAV,NOVI SAD,12/28/2024,141.67,2243.97,4.07,503.67,12.07
DUNAV,NOVI SAD,12/29/2024,145.33,2267.37,4.03,507.33,12.13
DUNAV,NOVI SAD,12/30/2024,149,2290.95,4,511,12.2
DUNAV,NOVI SAD,12/31/2024,140,2233.39,4,510,12.4
